-10000,Expense,"2024-01-16 05:10:43"
10000,Income,"2024-01-16 05:10:38"
50000,Income,"2024-01-16 05:16:44"
10000,Income,"2024-01-16 05:25:24"
5,Income,"2024-01-16 05:25:27"
10000,Income,"2024-01-16 05:25:30"
20000,Income,"2024-01-16 05:25:37"
20000,Income,"2024-01-16 05:26:44"
10000,Income,"2024-01-16 05:26:50"
50000,Income,"2024-01-16 05:26:53"
5125215,Income,"2024-01-16 05:26:56"
125215,Income,"2024-01-16 05:26:59"
125215,Income,"2024-01-16 05:27:48"
125215,Income,"2024-01-16 05:28:15"
125215,Income,"2024-01-16 05:28:31"
125215,Income,"2024-01-16 05:28:42"
125215,Income,"2024-01-16 05:29:32"
125215,Income,"2024-01-16 05:29:37"
125215,Income,"2024-01-16 05:29:41"
125215,Income,"2024-01-16 05:30:14"
125215,Income,"2024-01-16 05:30:20"
